-0.039178162813187,0.17562933266163,-0.071462921798229,-0.059807069599628,-0.03942346945405,0.19328528642654,-0.086004309356213,0.024806041270494,-0.17453584074974,0.11717631667852,-0.006331754848361,-0.043161816895008,0.011883376166224,-0.15356187522411,-0.068268842995167,0.050846748054028,-0.067610204219818,0.073323212563992,0.12372200191021,-0.084361508488655,0.10411325097084,-0.10376021265984,0.11465422809124,-0.12990301847458,0.043984353542328,0.034568253904581,-0.008962563239038,-0.15191645920277,0.060144353657961,-0.0058930697850883,0.016639327630401,-0.067544303834438,-0.0040893023833632,-0.052039418369532,0.080408722162247,-0.080648712813854,-0.010464737191796,0.027939423918724,0.19178691506386,-0.017483489587903,-0.08964815735817,-0.1013982668519,0.03254970908165,0.005170801654458,-0.053614571690559,-0.049629632383585,0.14791364967823,-0.060021411627531,-0.22575840353966,-0.01993958465755,0.061820674687624,0.086801491677761,0.0070241317152977,0.062371119856834,-0.10127690434456,0.0081690205261111,0.25699871778488,-0.065878495573997,-0.033862002193928,-0.14221343398094,0.019370680674911,0.021545873954892,0.14461255073547,-0.12146905064583,0.12757779657841,-0.015225629322231,-0.069214276969433,0.04353640973568,-0.019447036087513,0.077587299048901,-0.037830043584108,0.060612574219704,-0.13009740412235,-0.041844729334116,0.028043949976563,-0.0039700786583126,-0.061820764094591,0.029818469658494,0.023290485143661,0.050717905163765,-0.18402191996574,-0.020180243998766,0.097701296210289,0.12867686152458,-0.081472247838974,0.04777954518795,-0.023011296987534,0.023787414655089,0.11202186346054,-0.070898249745369,-0.066331267356873,-0.030833782628179,-0.016082376241684,0.067699044942856,0.015465561300516,-0.10950649529696,0.049837231636047,0.25776824355125,-0.13046199083328,0.016058338806033,0.037759110331535,0.057144101709127,-0.076857924461365,0.09694442898035,0.11683747917414,0.036618404090405,0.077363930642605,0.092080965638161,0.0034193559549749,-0.060794617980719,-0.084010869264603,-0.021227221935987,0.050465203821659,-0.024926643818617,0.088010400533676,0.029914712533355,-0.099200084805489,0.00024992533144541,0.088481619954109,0.043556407094002,0.013611692003906,-0.1272117048502,0.056356217712164,-0.14480285346508,0.034967634826899,0.056355338543653,0.061421010643244,0.087734825909138
-0.042013589292765,0.16147570312023,-0.049954775720835,-0.049705315381289,0.024775322526693,0.17361210286617,-0.027092965319753,-0.011550834402442,-0.17213173210621,0.13092571496964,-0.014766348525882,-0.012692634016275,0.015914620831609,-0.1452345252037,-0.041445471346378,0.11530593782663,-0.067516043782234,0.1126275062561,0.080758273601532,-0.10512804985046,0.17305286228657,-0.083313331007957,0.068395204842091,-0.12716382741928,0.066589511930943,0.071531467139721,-0.085291489958763,-0.19779404997826,0.087138779461384,0.061373833566904,0.018826084211469,0.047169525176287,-0.045576252043247,-0.036932837218046,0.10172617435455,-0.074154056608677,-0.012480119243264,0.034272044897079,0.22257462143898,-0.021004281938076,-0.053175419569016,-0.059303592890501,0.093577399849892,0.036364499479532,-0.031795419752598,-0.040905483067036,0.19045841693878,-0.09203826636076,-0.22802075743675,-0.10746188461781,0.089142791926861,0.019276751205325,-0.045039389282465,0.044578287750483,-0.051135309040546,0.042135838419199,0.21796754002571,-0.0045014750212431,-0.039312165230513,-0.1140189319849,0.039632443338633,-0.032062508165836,0.12259039282799,-0.11029537767172,0.17758443951607,-0.042932648211718,-0.087692752480507,0.052275765687227,0.010639414191246,0.085239768028259,-0.010169847868383,0.12302475422621,-0.11772288382053,-0.052548341453075,-0.021213190630078,-0.0091552678495646,-0.08024650067091,0.068559609353542,-0.013171119615436,-0.0081662647426128,-0.13790701329708,0.070055320858955,0.073846101760864,0.11447515338659,-0.12028392404318,0.026975125074387,0.030237950384617,0.016742222011089,0.067316204309464,-0.084105782210827,-0.067875295877457,-0.034032475203276,-0.077486678957939,0.023264205083251,0.0099900402128696,-0.044547811150551,0.038993719965219,0.24551525712013,-0.10893622040749,0.062372043728828,-0.0017848929855973,0.012609642930329,-0.056165397167206,0.13385406136513,0.07364147156477,0.013994484208524,0.015902444720268,0.12054511159658,0.022625397890806,-0.064764194190502,-0.11567076295614,-0.030813727527857,-0.040086165070534,-0.047880560159683,0.13883547484875,0.028132082894444,-0.097975693643093,-0.061307858675718,0.044774848967791,0.030710704624653,0.048514567315578,-0.032124117016792,0.081440769135952,-0.095467455685139,0.0024269616696984,0.041393756866455,0.022296495735645,0.057947546243668
0.041105486452579,0.17197617888451,0.014847953803837,-0.010361294262111,0.053389247506857,0.22087678313255,-0.054104916751385,0.022258657962084,-0.1871502250433,0.059966828674078,-0.017124043777585,-0.041044875979424,0.053631957620382,-0.1704479008913,-0.00086818262934685,0.037990339100361,-0.011576039716601,0.14857248961926,0.011483564972878,0.052659414708614,0.16521452367306,-0.040913015604019,0.11699678003788,-0.01235674880445,0.047522995620966,-0.11904060095549,-0.12937833368778,-0.1277671456337,0.07159174233675,0.047218170017004,0.031998157501221,-0.090583980083466,-0.032814059406519,0.0075324890203774,0.14825785160065,-0.048595506697893,-0.010519215837121,-0.03199926763773,0.096265845000744,-0.11391966044903,-0.094627432525158,-0.06697179377079,0.1037326157093,0.065124951303005,-0.11649194359779,-0.085857808589935,0.16654680669308,0.027434451505542,-0.18987007439137,0.13309448957443,0.11684111505747,-0.010258974507451,-0.05783611908555,0.033979773521423,-0.032949335873127,-0.036724478006363,0.12308129668236,-0.053490903228521,0.028865555301309,-0.17277781665325,-0.017524721100926,0.050225183367729,0.092265665531158,-0.1554868966341,0.11136921495199,-0.10008098185062,-0.077241711318493,-0.069421343505383,-0.16257041692734,0.068373039364815,0.012935861945152,0.089961610734463,-0.062170837074518,-0.06006047129631,-0.067615523934364,-0.030971128493547,-0.024660654366016,0.048574086278677,0.1087758988142,0.097601100802422,-0.044113881886005,-0.050550196319818,0.052808754146099,0.11518107354641,0.014120616950095,0.02136804908514,-0.074134543538094,0.025166478008032,0.12557502090931,0.061608731746674,-0.016039971262217,-0.053265374153852,-0.092345751821995,0.034332472831011,-0.032801520079374,-0.10670869797468,-0.00020235532429069,0.27793350815773,-0.20935122668743,0.007617509458214,0.06656539440155,0.13569165766239,-0.035401485860348,0.04451472312212,0.04475436732173,0.075713217258453,0.080711707472801,0.066943600773811,0.10541751980782,0.015918148681521,-0.068047888576984,-0.019880387932062,0.005228532012552,0.048100639134645,0.031176352873445,0.024107364937663,-0.0069661261513829,0.041507858783007,-0.030010934919119,0.10051111876965,-0.029031516984105,-0.10020284354687,0.045179646462202,-0.0781215056777,0.032462656497955,0.011556130833924,0.13289372622967,0.03206654638052
0.064263418316841,0.18792997300625,-0.042632386088371,0.079913228750229,0.010399226099253,0.1777291893959,-0.037933215498924,-0.047182317823172,-0.14446243643761,0.083982430398464,0.063176400959492,-0.0051716077141464,0.014595760032535,-0.094955995678902,-0.060972701758146,0.0723472610116,0.057397834956646,0.17233240604401,0.044011108577251,-0.028935328125954,0.1345451772213,-0.092034518718719,0.092013254761696,-0.095786549150944,0.10492285341024,-0.082873202860355,-0.085902035236359,-0.072398416697979,0.0063968980684876,0.092243544757366,-0.012196217663586,0.046338248997927,-0.010928950272501,0.030534053221345,0.067879997193813,-0.067820057272911,0.02101756259799,-0.016210034489632,0.19072751700878,-0.072960540652275,-0.1120767146349,-0.05522633716464,0.12075232714415,-0.061514548957348,-0.060470316559076,-0.12415499985218,0.13101479411125,-0.084434494376183,-0.15972393751144,0.057014726102352,0.1788833886385,0.075073763728142,-0.074643641710281,0.087155841290951,-0.064170524477959,-0.016612313687801,0.16948689520359,-0.10151644796133,-0.010342477820814,-0.08163970708847,0.013065709732473,-0.02385344915092,0.067692413926125,-0.23137387633324,0.12078100442886,-0.012727251276374,-0.072200991213322,-0.0034386592451483,-0.13502672314644,0.13363641500473,0.013074862770736,0.10138163715601,-0.088872916996479,-0.015696855261922,-0.0741201415658,-0.021906232461333,0.059014063328505,0.0017481176182628,-0.038207363337278,-0.0039246887899935,-0.13686087727547,0.0014273322885856,0.077358029782772,0.076677702367306,-0.035488657653332,0.067572765052319,-0.085773020982742,-0.043070293962955,0.10789606720209,-0.0017689274391159,-0.082438699901104,-0.11020535230637,-0.057998776435852,0.061917971819639,0.032710518687963,-0.080683313310146,0.0013732432853431,0.20689430832863,-0.13849464058876,0.051011379808187,0.011562918312848,0.089097522199154,-0.038711532950401,0.14868667721748,0.12814605236053,0.063556984066963,0.08928669989109,0.079082101583481,0.020424578338861,-0.036550477147102,-0.16381861269474,-0.043328933417797,0.041270457208157,0.053212057799101,0.095971532166004,-0.058555543422699,0.012577059678733,0.034222010523081,0.070127971470356,0.065271683037281,0.0039548962377012,-0.04734405875206,0.088726989924908,-0.063303016126156,0.14142259955406,-0.0028482975903898,0.15880492329597,0.043091494590044
-0.07104330509901,0.22845065593719,-0.18444976210594,-0.087412603199482,-0.010719495825469,0.11625768989325,-0.072950191795826,-0.06173887476325,-0.15577682852745,0.18818186223507,-0.037932682782412,-0.051338538527489,0.017097087576985,-0.012743428349495,-0.06852663308382,-0.030859196558595,0.02054850012064,0.16889078915119,0.19187317788601,-0.09404081851244,-0.023073168471456,-0.045643284916878,0.053915247321129,-0.1675960123539,0.001567141036503,0.033425077795982,0.010475992225111,-0.072070762515068,0.055047996342182,0.085962735116482,-0.071353621780872,-0.010195364244282,0.042129777371883,-0.13135862350464,0.11918279528618,-0.067174933850765,0.039073575288057,-0.040246449410915,0.11729535460472,-0.021646581590176,-0.096955806016922,-0.05145338177681,0.064484409987926,0.088612221181393,-0.11991569399834,0.10174835473299,0.16842019557953,-0.015931978821754,-0.19145983457565,-0.078357666730881,0.084760017693043,0.11830244213343,0.0074793337844312,0.017272418364882,-0.10121072083712,0.053999144583941,0.20980605483055,-0.07663868367672,0.03490362688899,-0.079411022365093,0.037913162261248,0.035167329013348,0.11435959488153,-0.076475620269775,0.11426617950201,-0.083380460739136,-0.0509496293962,0.019492991268635,0.015599287115037,0.088432937860489,0.020968180149794,-0.00058894028188661,-0.056793637573719,-0.087740436196327,-0.03047595731914,0.05137012898922,-0.10408737510443,0.048020359128714,-0.0098251542076468,-0.12826639413834,-0.15210421383381,0.093511089682579,0.0017859407234937,0.15194484591484,-0.028506303206086,0.032044030725956,-0.071298807859421,-0.049465339630842,0.11523126810789,-0.023240180686116,-0.11279265582561,-0.00372340134345,-0.0016059420304373,-0.051540702581406,0.066536515951157,-0.12802842259407,0.063717134296894,0.24024127423763,-0.08510660380125,-0.011679384857416,0.048246767371893,0.13234496116638,0.057201322168112,0.027982736006379,-0.0094549618661404,0.0082824397832155,0.034132327884436,0.058010552078485,-0.045940406620502,0.058439631015062,0.020904405042529,-0.11796069145203,0.05532830581069,-0.047182403504848,-0.057333059608936,-0.050797704607248,-0.052558343857527,-0.10823481529951,0.087350077927113,-0.052911385893822,0.042955279350281,-0.14063890278339,0.027606727555394,-0.13716259598732,0.008993006311357,0.0093977116048336,-0.0057024420239031,0.063745595514774
0.0058284178376198,0.23717531561852,-0.049202874302864,0.087784692645073,-0.039973434060812,0.16179513931274,-0.048264488577843,-0.051092188805342,-0.12766137719154,0.12783388793468,0.099753953516483,0.0024427527096123,-0.0049839792773128,-0.16156433522701,-0.054701089859009,0.049335461109877,-0.048404712229967,0.14909206330776,0.053863983601332,-0.064569860696793,0.086300387978554,-0.094672635197639,0.079790987074375,-0.087178520858288,0.11515121906996,-0.085115030407906,-0.034970924258232,-0.086403325200081,0.0092536136507988,0.092415995895863,-0.016331940889359,-0.027101146057248,-0.025352273136377,-0.010534096509218,0.044137850403786,-0.086023017764091,-0.030612096190453,-0.063928440213203,0.17299288511276,0.033763293176889,-0.094613969326019,-0.098181940615177,0.061956647783518,0.0092039005830884,-0.077805794775486,-0.12473593652248,0.14677248895168,-0.097079068422318,-0.14739011228085,0.050139084458351,0.21102344989777,0.11206574738026,-0.11661916226149,0.054194677621126,-0.099690496921539,0.001636745990254,0.146414026618,-0.10836032778025,0.008332883939147,-0.039433967322111,-0.011279655620456,-0.065725594758987,0.08530680835247,-0.17116205394268,0.11130418628454,-0.075022965669632,-0.032171633094549,-0.040992151945829,-0.097113057971001,0.13026386499405,0.019829316064715,0.14300210773945,-0.056695930659771,0.0056428434327245,-0.03906512260437,-0.036641947925091,-0.0011927039595321,0.023950157687068,-0.073751844465733,0.061080880463123,-0.12599061429501,-0.040505226701498,0.088968358933926,0.11403821408749,-0.08114966750145,0.097450882196426,-0.057711761444807,-0.086625419557095,0.093826249241829,-0.055811520665884,-0.15099269151688,-0.095929503440857,-0.058488868176937,0.030957154929638,-0.0067947958596051,-0.13759562373161,-0.014003100804985,0.15492396056652,-0.09505595266819,0.03282506018877,-0.023334747180343,0.081290222704411,-0.0083564789965749,0.12495172768831,0.14194464683533,0.051142022013664,0.093688756227493,0.13916620612144,-0.00067679543280974,-0.010604445822537,-0.13337910175323,-0.037021815776825,0.041643857955933,0.034343428909779,0.035472922027111,-0.046086210757494,0.0076147676445544,0.060390960425138,0.10228195041418,0.046809125691652,0.0040740631520748,-0.06361024081707,0.033537290990353,-0.055922474712133,0.14319911599159,0.01044109556824,0.12973913550377,0.093584753572941
0.064703390002251,-0.041894532740116,-0.080900505185127,-0.03843466937542,0.018602034077048,0.002433059271425,-0.052625209093094,0.04076124727726,-0.087538547813892,-0.11379665136337,-0.063745431602001,-0.0035529828164726,0.12073286622763,-0.043368816375732,-0.19582903385162,0.041005365550518,-0.077116556465626,-0.0061344094574451,-0.13557851314545,0.14862902462482,0.19141279160976,-0.17762304842472,0.16223752498627,-0.13047474622726,-0.04956529289484,-0.062139809131622,-0.08077297359705,-0.099798150360584,-0.093474633991718,0.015481521375477,-0.021423200145364,-0.056192144751549,-0.049537178128958,-0.025410396978259,-0.011809386312962,-0.058699291199446,-0.16897854208946,0.16052396595478,-0.0073088593780994,-0.088605850934982,-0.19863618910313,0.013811345212162,-0.040766790509224,0.07879413664341,0.021759560331702,-0.046710453927517,0.00071193656185642,0.0086509138345718,-0.058476980775595,0.15812607109547,-0.01921864785254,-0.041166458278894,-0.038213305175304,0.043539963662624,-0.050419017672539,-0.14889603853226,0.084078043699265,0.0008750896085985,0.023977166041732,-0.13531026244164,0.11307093501091,0.04524115473032,0.095342323184013,0.067688971757889,0.018445188179612,-0.17361210286617,-0.08262886852026,0.11433544754982,-0.0065131266601384,-0.047124516218901,0.059019047766924,0.0155756091699,0.02416025288403,-0.065750680863857,-0.15968683362007,0.012411897070706,0.015224461443722,-0.11512383818626,0.03879513964057,0.19291326403618,-0.056549668312073,-0.18757632374763,-0.052191298455,0.021607268601656,-0.13291470706463,0.015976587310433,-0.029906747862697,0.056030604988337,0.13429234921932,-0.098394893109798,-0.039619009941816,-0.063147641718388,-0.020044742152095,0.038613170385361,-0.024839259684086,-0.029591720551252,-0.00039292519795708,0.13033610582352,-0.14269378781319,0.0098702358081937,0.048812322318554,0.04783945903182,-0.094930581748486,0.089434400200844,0.069532260298729,-0.019295409321785,-0.03876494243741,0.16766129434109,0.092651002109051,-0.061166170984507,-0.07964651286602,0.032728191465139,-0.087415009737015,0.11613535135984,0.019571268931031,0.14527477324009,-0.033891394734383,0.13115561008453,0.010902756825089,0.072637841105461,-0.21270279586315,0.042509783059359,0.0099834129214287,-0.042440496385098,0.030023094266653,-0.072111435234547,-0.0045497729443014,-0.0084199057891965
0.03161197155714,0.00086223118705675,-0.0083788260817528,-0.018915813416243,-0.011732278391719,0.090169049799442,-0.085752964019775,0.069154351949692,-0.13210037350655,-0.0031767953187227,-0.0073506347835064,0.0063310428522527,0.10058569163084,-0.14179547131062,-0.13749900460243,0.14217701554298,-0.079911321401596,0.04276591911912,-0.08240595459938,0.12696376442909,0.26448339223862,-0.16719248890877,0.12336508184671,-0.024037417024374,-0.037788432091475,0.027087489143014,-0.10174928605556,-0.22653867304325,-0.028042074292898,0.016623245552182,-0.02752304263413,-0.023492170497775,-0.035460364073515,0.041039608418941,0.0052235615439713,-0.02528765052557,-0.10256864130497,0.16180549561977,0.057648848742247,-0.069664344191551,-0.18155589699745,-0.047172255814075,0.0034743275027722,0.024014737457037,0.06191373988986,-0.093841232359409,0.14218987524509,-0.065616458654404,-0.1885931789875,0.10038246959448,0.056768026202917,-0.086784049868584,-0.075201742351055,0.079345367848873,0.028051814064384,-0.057146374136209,0.14750392735004,-0.023285770788789,0.020313173532486,-0.1740535646677,0.10267977416515,-0.0080912234261632,0.10069389641285,-0.036877125501633,0.10056745260954,-0.1391793936491,-0.10028713941574,0.09420582652092,-0.0018355344654992,0.0070048300549388,-0.0074482373893261,0.054153371602297,-0.076572418212891,-0.062122173607349,-0.094191983342171,-0.029396822676063,0.0094326017424464,0.05308786034584,0.04533139243722,0.12110906094313,-0.090385802090168,-0.078822389245033,-0.031447466462851,0.0039765667170286,-0.15381398797035,0.056576453149319,0.010227761231363,0.058011654764414,0.1409265100956,-0.059673137962818,-0.046680718660355,-0.078230321407318,-0.069832935929298,0.07574937492609,-0.033927481621504,0.049012325704098,-0.0065291905775666,0.17088262736797,-0.12279375642538,0.046035122126341,0.039907094091177,0.0042230826802552,-0.15220692753792,0.11104439944029,0.099980689585209,0.0089278146624565,-0.037600353360176,0.088720753788948,0.040146395564079,-0.11381421238184,-0.17391109466553,0.074937857687473,-0.052994709461927,0.0060170833021402,0.12758687138557,0.12360615283251,-0.064813353121281,-0.0071731605567038,-0.037583634257317,0.066999264061451,-0.11815482378006,0.052575550973415,0.095686286687851,-0.036200355738401,0.018614446744323,0.021573411300778,0.056183665990829,-0.0095842462033033
0.025690985843539,0.0012574391439557,-0.013822737149894,-0.0041888658888638,-0.039559062570333,0.034279253333807,-0.090754866600037,0.079022936522961,-0.12505340576172,-0.050948351621628,-0.0022206460125744,-0.0084573794156313,0.10386761277914,-0.12252904474735,-0.13931049406528,0.082313537597656,-0.046492621302605,-0.0022854022681713,-0.064487159252167,0.16903255879879,0.2310144752264,-0.20979374647141,0.12691922485828,0.078220009803772,0.0043989014811814,0.037827007472515,-0.019956417381763,-0.20451860129833,0.015902265906334,-0.0095304166898131,0.0020846116822213,-0.043446566909552,-0.010195036418736,0.058453515172005,-0.062009431421757,-0.064366929233074,-0.09962385892868,0.22166250646114,0.011691967956722,-0.077802330255508,-0.13341560959816,-0.075546115636826,0.00048588815843686,0.078329548239708,0.046348679810762,-0.10984479635954,0.16002859175205,-0.057444993406534,-0.16603448987007,0.086242146790028,0.027845226228237,-0.087034411728382,-0.022803880274296,0.049001328647137,0.038967277854681,-0.048895880579948,0.10802137851715,0.027822826057673,0.079306997358799,-0.24672874808311,0.069454155862331,-0.016714273020625,0.10882098972797,-0.0016491177957505,0.033903155475855,-0.075137414038181,-0.055299073457718,0.018380295485258,-0.004085433203727,-0.033710759133101,-0.084282360970974,0.011514221318066,-0.080614402890205,-0.010076911188662,-0.017402302473783,-0.096409842371941,0.028132366016507,0.077666610479355,0.06901653856039,0.18209032714367,-0.13018180429935,-0.087867885828018,-0.021063715219498,-0.064873747527599,-0.07992659509182,0.013500613160431,0.0096302051097155,0.075781628489494,0.14465039968491,-0.097168244421482,-0.012660689651966,-0.06418976187706,-0.030843919143081,0.03259389474988,-0.01017031352967,0.0078283604234457,0.0090201636776328,0.19267617166042,-0.072288192808628,-0.041690412908792,-0.011313037015498,-0.0066426140256226,-0.095612823963165,0.18659965693951,0.035189304500818,0.0047545940615237,-0.043874800205231,0.12514725327492,0.079464122653008,-0.18183998763561,-0.11644932627678,0.15822267532349,-0.092031270265579,0.021975312381983,0.093052335083485,0.085414059460163,-0.078633017838001,-0.062715508043766,0.0065227560698986,0.080361656844616,-0.13275092840195,0.085437826812267,0.018402485176921,-0.030035128816962,-0.055509097874165,0.0052456459961832,0.021164543926716,-0.022112227976322
0.061572603881359,0.036378849297762,-0.067173384130001,-0.069108299911022,0.028432430699468,0.070260286331177,-0.059312783181667,0.033777829259634,-0.17343969643116,-0.054178964346647,-0.048648282885551,-0.050327226519585,0.14198790490627,-0.032334469258785,-0.14091192185879,0.1115206182003,-0.03878840059042,0.060553330928087,-0.11857239156961,0.10663862526417,0.22014954686165,-0.14200653135777,0.18609723448753,-0.088499747216702,-0.036662977188826,-0.042852405458689,-0.091333441436291,-0.12992145121098,-0.0092659015208483,0.030481319874525,-0.031680941581726,-0.016073282808065,-0.073464587330818,0.0096029564738274,0.0022038214374334,-0.0697325989604,-0.10514007508755,0.18571855127811,0.058852594345808,-0.055841751396656,-0.20408588647842,0.025424983352423,0.034570537507534,0.062594927847385,-0.0024575903080404,-0.071136385202408,0.11106016486883,-0.0051642186008394,-0.15320017933846,0.14085057377815,0.033134382218122,-0.087094120681286,-0.074218362569809,0.078750930726528,-0.061269521713257,-0.11144754290581,0.16295278072357,0.036585461348295,0.072607137262821,-0.19548767805099,0.083430908620358,0.065640203654766,0.11187652498484,-0.012914884835482,0.038789570331573,-0.10626222193241,-0.095180608332157,0.099424012005329,-0.016985174268484,-0.015808761119843,0.02419445104897,0.054596185684204,-0.00092262105317786,-0.026381906121969,-0.12128809094429,-0.041869070380926,-0.0011465967399999,-0.061677023768425,0.045292936265469,0.1030068397522,-0.019741669297218,-0.10021681338549,-0.048432487994432,-0.0110605917871,-0.13308151066303,0.042364396154881,-0.049462370574474,0.028788913041353,0.13544915616512,-0.078802034258842,-0.010112092830241,-0.081551358103752,-0.048502627760172,-0.0034464111085981,0.021161668002605,-0.00076746824197471,-0.012935901992023,0.2507426738739,-0.15656797587872,0.035395041108131,0.01424103230238,0.032791335135698,-0.068134345114231,0.17753610014915,0.037606567144394,-0.0087640723213553,-0.076487146317959,0.14903222024441,0.096775732934475,-0.1055655926466,-0.090723939239979,0.081835724413395,-0.065029010176659,0.11083221435547,0.035644683986902,0.1122732758522,-0.044314991682768,0.068002671003342,-0.010388121008873,0.044270824640989,-0.15337556600571,0.039978716522455,0.062923476099968,-0.044789109379053,-0.037346970289946,-0.070678167045116,-0.036046545952559,-0.023145664483309
0.0029439642094076,0.015522616915405,-0.065233938395977,-0.1273248642683,0.053495235741138,0.058864425867796,-0.06101056933403,0.098045624792576,-0.18174906075001,0.016758928075433,-0.1046519652009,-0.02894564718008,0.16215045750141,-0.069683849811554,-0.072636090219021,0.022409588098526,-0.077420145273209,0.022932389751077,-0.048036649823189,0.10291305184364,0.14538858830929,-0.061334405094385,0.049683801829815,-0.053475450724363,-0.018578359857202,-0.047518920153379,-0.067855685949326,-0.050696719437838,-0.027855085209012,0.069638580083847,-0.031127080321312,-0.14677865803242,-0.098255805671215,-0.045633848756552,0.053773686289787,-0.060645010322332,-0.10554569959641,-0.039900876581669,0.025192141532898,-0.055539034307003,-0.12086268514395,-0.01026722509414,0.113012380898,0.17882665991783,-0.012341835536063,-0.086154155433178,0.089993551373482,0.078149400651455,-0.030721543356776,0.13093189895153,0.081689052283764,-0.14068150520325,-0.076693281531334,0.02517855912447,-0.0049755009822547,-0.082936868071556,0.0071375053375959,0.0020419198554009,0.11482159048319,-0.18143671751022,0.091609194874763,0.046424444764853,0.032457314431667,0.095034159719944,-0.041600652039051,-0.18707233667374,-0.063405252993107,0.02141054533422,0.020603485405445,-0.1629800349474,0.053050432354212,0.072286494076252,0.055202730000019,-0.13594414293766,-0.12865921854973,0.047661252319813,-0.04652688279748,-0.015888387337327,0.12549798190594,0.18677991628647,0.085020177066326,-0.1318281441927,0.038949873298407,0.13501738011837,-0.069736249744892,0.014510379172862,0.011406886391342,0.068870216608047,0.19049064815044,-0.053795028477907,-0.10293225944042,-0.010055986233056,-0.060284599661827,0.0067086294293404,-0.12922996282578,-0.048470914363861,-0.0066514825448394,0.1738116890192,-0.19151324033737,-0.040293980389833,0.042421203106642,0.11071540415287,0.0029973706696182,0.037930432707071,-0.050332084298134,-0.012082700617611,-0.097459457814693,0.13998806476593,0.023051695898175,0.048267930746078,0.0075163096189499,-0.040917262434959,-0.11682051420212,0.096395589411259,-0.10731041431427,0.1132280677557,-0.0071201827377081,0.12399354577065,-0.13654434680939,-0.010123753920197,-0.13504263758659,-0.03995006531477,0.036955926567316,-0.091467447578907,-0.093752607703209,-0.071282371878624,-0.084211423993111,0.017857586964965
-0.018718995153904,0.022302698343992,-0.03242926299572,0.015575806610286,-0.044210240244865,0.017320729792118,-0.070539012551308,0.04666842520237,-0.11322293430567,0.0094899078831077,-0.066485054790974,-0.029007276520133,0.093323811888695,-0.10214087367058,-0.12155023217201,0.07547453045845,-0.076235502958298,0.021742044016719,-0.014178870245814,0.11359196156263,0.21088269352913,-0.21968066692352,0.14218446612358,-0.10563588142395,-0.013017597608268,0.0079933246597648,-0.13082982599735,-0.22256357967854,-0.067300580441952,0.033372279256582,-0.033939477056265,0.00019839945889544,0.026126461103559,-0.012666946277022,0.051108878105879,-0.062591776251793,-0.049913972616196,0.21372494101524,0.039841711521149,-0.13387151062489,-0.16715450584888,-0.061775185167789,0.033292472362518,0.013191761448979,0.010026182048023,-0.035273041576147,0.14053125679493,-0.074059672653675,-0.12614679336548,0.074373617768288,0.045184843242168,-0.047913745045662,0.0078088669106364,0.10044530779123,0.049444645643234,-0.083438873291016,0.1998054087162,-0.12834224104881,0.056934218853712,-0.219014570117,0.10987874120474,-0.027201781049371,0.019140107557178,-0.015483407303691,0.10936459153891,-0.10718189924955,-0.081372693181038,0.070801198482513,0.020747909322381,-0.050330195575953,-0.0048511973582208,0.023487858474255,-0.068820461630821,-0.068830125033855,-0.069895423948765,0.0023356827441603,-0.019691212102771,0.0054299291223288,0.072642609477043,0.14610826969147,-0.13712397217751,-0.10806670039892,-0.035129033029079,0.038665723055601,-0.086271092295647,0.035918399691582,-0.02456920593977,0.075816631317139,0.16437357664108,-0.096916332840919,-0.097353391349316,-0.040025547146797,0.0008506344165653,-0.0012466261396185,-0.089847385883331,-0.026296827942133,0.034056909382343,0.22939462959766,-0.10176280885935,0.0022674645297229,0.063002221286297,0.042048532515764,-0.06178180500865,0.10008475929499,0.10489089041948,-0.033295530825853,-0.0034603350795805,0.14400416612625,0.071817494928837,-0.059705466032028,-0.18392416834831,0.02529464289546,-0.086410313844681,-0.036008547991514,0.071282535791397,0.11184369772673,-0.043704852461815,-0.023950835689902,-0.020241934806108,0.047768339514732,-0.12318651378155,0.058118052780628,0.071279078722,-0.049476437270641,0.039885029196739,-0.016094729304314,0.084556095302105,0.038803733885288
-0.0081984559074044,-0.17793837189674,-0.033107005059719,-0.066843278706074,0.16129533946514,0.065151005983353,0.0010486406972632,0.071766525506973,-0.048180509358644,-0.13094346225262,-0.18380346894264,0.064810119569302,0.041226793080568,-0.029260812327266,-0.070769667625427,-0.00066525267902762,-0.14928825199604,0.065372079610825,-0.070345751941204,0.041920505464077,0.25354659557343,-0.10636524856091,0.092390581965446,0.011223037727177,0.037444494664669,-0.063868761062622,-0.10277410596609,-0.22122070193291,-0.11551150679588,0.042332340031862,0.023336220532656,-0.0073624635115266,-0.081073105335236,0.0010227005695924,0.049194429069757,-0.022734262049198,-0.12805330753326,-0.0079652247950435,-0.056984167546034,-0.13662438094616,0.041453585028648,0.059624176472425,0.055783584713936,0.13474394381046,-0.047142848372459,-0.050666823983192,0.088471330702305,-0.013293930329382,-0.03025945276022,0.027032673358917,-0.0506671667099,-0.24872766435146,0.067282162606716,0.0046773217618465,0.10287887603045,-0.013604152016342,0.065378405153751,0.1047293394804,0.0066127013415098,-0.19593885540962,0.13787737488747,0.088590495288372,0.044165190309286,0.087950900197029,0.047710224986076,-0.084813311696053,-0.11124814301729,0.10941611975431,0.082259066402912,-0.0033808334264904,0.024405667558312,0.11196511238813,-0.0039305523969233,-0.16866584122181,-0.14549876749516,0.088449329137802,-0.08076848089695,-0.053107298910618,0.052835520356894,0.056224636733532,-0.040003780275583,0.063556887209415,-0.041461922228336,0.012581059709191,-0.096798561513424,0.0048069609329104,0.098069176077843,0.14586660265923,0.028672143816948,-0.06365555524826,0.060051511973143,-0.00082516844850034,-0.08875460922718,-0.081515274941921,-0.075267061591148,0.070838749408722,-0.060786455869675,0.14936782419682,-0.066271029412746,0.033191431313753,0.073493517935276,-0.088488332927227,0.0013488781405613,-0.00056953728199005,-0.05775685980916,-0.045579295605421,-0.18657514452934,0.065364025533199,-0.077269427478313,-0.010277308523655,0.010614021681249,0.01882384903729,-0.13371840119362,-0.06318798661232,0.048234775662422,0.15554317831993,-0.059910327196121,-0.027448503300548,-0.055419996380806,0.05844609066844,-0.029561096802354,0.10540343075991,-0.001293555018492,-0.052872862666845,-0.14109995961189,-0.016311416402459,-0.085173383355141,-0.0039856093935668
0.16137874126434,-0.026541413739324,0.11341732740402,0.016434345394373,0.029934139922261,0.1421299725771,-0.0070533491671085,0.13790011405945,-0.075771875679493,-0.011850037612021,0.15517869591713,-0.011169817298651,0.078890211880207,-0.12514343857765,0.046650182455778,0.051218066364527,0.032383617013693,0.2101337313652,-0.17388519644737,0.032407663762569,0.2169301956892,0.097602240741253,0.063495419919491,0.12243323028088,-0.029030652716756,-0.17879255115986,-0.037792436778545,-0.064171247184277,-0.015788206830621,0.025260247290134,-0.035730306059122,-0.11207167804241,-0.030963439494371,0.16311877965927,0.037134166806936,-0.052632588893175,-0.085710912942886,-0.083735421299934,-0.026404784992337,0.017930449917912,-0.11742374300957,0.011477096937597,-0.052412133663893,0.081872425973415,-0.027241451665759,-0.20007336139679,-0.027731895446777,0.0095315426588058,-0.11118241399527,0.1855742931366,0.16167122125626,-0.10500708967447,-0.18105235695839,0.019684985280037,-0.12035220861435,-0.015861764550209,-0.016638291999698,-0.035626173019409,0.0026494502089918,0.014425694011152,0.016573809087276,-0.028603285551071,-0.0051095322705805,-0.051150728017092,-0.014893772080541,-0.16925492882729,-0.049107022583485,-0.025393458083272,-0.11463759094477,0.09445907920599,0.02504588291049,0.0021629836410284,0.01174308359623,-0.097326032817364,-0.19517928361893,-0.10545170307159,0.03381709381938,-0.0049196323379874,0.0027000675909221,0.07232078909874,0.040712296962738,-0.082419350743294,-0.01504038926214,-0.058631293475628,-0.040474306792021,0.076753079891205,0.0042850039899349,-0.12320874631405,0.0098287323489785,0.12110956758261,0.043346412479877,-0.11661895364523,-0.18263153731823,0.069489322602749,-0.020781377330422,0.05059627071023,-0.15284100174904,-0.00079695944441482,-0.16886450350285,0.07865933328867,0.077586963772774,0.071237802505493,-0.046168319880962,-0.0038674667011946,0.13354469835758,-0.014147260226309,0.0254539642483,-0.044399153441191,0.046260252594948,-0.063427716493607,-0.067428439855576,0.018282840028405,0.021929623559117,0.065319433808327,0.064075149595737,0.043587617576122,0.067898347973824,0.050922568887472,-0.048106659203768,0.070076160132885,-0.029345428571105,-0.031494230031967,-0.017989294603467,0.09234356880188,0.13023206591606,-0.078839063644409,0.14074815809727,-0.023746220394969
0.12510885298252,-0.066885642707348,0.050413947552443,0.028008887544274,0.13368529081345,0.13877752423286,0.07160372287035,0.083311498165131,-0.097612261772156,-0.041831210255623,0.098735824227333,0.047083359211683,0.05880393460393,-0.1613357514143,0.01822386495769,0.10725049674511,-0.08111210167408,0.19371043145657,-0.18588441610336,0.042678698897362,0.22844003140926,0.04961009696126,0.086748339235783,0.093389630317688,-0.025679947808385,-0.14716112613678,-0.0905871540308,-0.15298663079739,0.012711877003312,0.036798596382141,-0.053070310503244,0.049440760165453,-0.093886949121952,0.16447904706001,0.00077635468915105,-0.044921535998583,-0.091257624328136,-0.14015372097492,-0.01277297642082,0.033574361354113,0.048476025462151,-0.031005511060357,0.01115514524281,0.099880009889603,-0.10695087909698,-0.13474605977535,0.051948178559542,0.0035264608450234,-0.10459903627634,0.12523370981216,0.099627763032913,-0.15929105877876,-0.19527006149292,0.031487811356783,-0.058498691767454,-0.01234832033515,0.048270355910063,0.013193820603192,-0.014915182255208,0.10094967484474,0.019669037312269,0.020502859726548,0.0168197453022,-0.018217734992504,0.031536642462015,-0.15917561948299,-0.090448662638664,-0.055034708231688,-0.039644449949265,0.10334754735231,-0.038577396422625,0.094069197773933,0.021934069693089,-0.007844103500247,-0.13113589584827,-0.076652444899082,0.020314848050475,0.052426751703024,-0.068591572344303,0.011280089616776,0.078068770468235,-0.012697298079729,-0.016435408964753,-0.019652538001537,-0.11358777433634,0.17039319872856,0.067068092525005,-0.085494160652161,-0.11682190001011,0.070684723556042,0.13202005624771,-0.075261555612087,-0.2479702681303,-0.03826479613781,-0.052077934145927,0.072704985737801,-0.17463119328022,0.057400800287724,-0.080131612718105,0.089019641280174,0.054986603558064,-0.039677828550339,0.016382174566388,0.072941280901432,0.14508274197578,-0.027654070407152,-0.036377102136612,0.13409338891506,0.0079685607925057,-0.036496005952358,-0.089113250374794,0.036863129585981,0.0035971652250737,-0.013507143594325,0.042919438332319,0.047509726136923,0.085788287222385,0.022191274911165,-0.025149457156658,0.12241057306528,0.030864069238305,0.023162061348557,-0.020751480013132,0.10674370080233,-0.031046207994223,-0.039838280528784,-0.001659563742578,0.0057439729571342
0.13085938990116,-0.10765098035336,0.15632753074169,-0.01156419981271,0.035497538745403,0.1008634865284,0.015391386114061,0.16962590813637,-0.045600291341543,-0.082672633230686,0.1094779074192,0.014570460654795,0.07134885340929,-0.12851014733315,-0.0071765533648431,0.046874966472387,-0.068419024348259,0.17016263306141,-0.23819443583488,0.073755420744419,0.23342622816563,0.076004832983017,0.10704258829355,0.09985227137804,-0.1078243330121,-0.13306219875813,-0.077859908342361,-0.086578205227852,-0.019064961001277,-0.047459825873375,-0.054228257387877,-0.077974438667297,-0.038364812731743,0.16753606498241,-0.0010659958934411,-0.066065646708012,-0.10657354444265,0.017705084756017,-0.058418665081263,0.051127318292856,-0.068426199257374,0.027107860893011,-0.10105875879526,0.042393144220114,-0.048906393349171,-0.22787834703922,-0.048195280134678,-0.015191771090031,-0.076626047492027,0.22512812912464,0.066598787903786,-0.12549749016762,-0.18427550792694,0.087040394544601,-0.088413238525391,-0.052045919001102,0.062071915715933,-0.020621316507459,-0.050326909869909,0.019096147269011,0.023565435782075,0.016723219305277,0.010595528408885,0.024542270228267,-0.030856071040034,-0.1552966684103,-0.03896002471447,-0.025979740545154,-0.063276417553425,0.096114411950111,0.0090373596176505,-0.0036814571358263,0.049225050956011,0.032140340656042,-0.14348769187927,-0.1160097643733,0.0085026752203703,-0.051856886595488,0.0097089214250445,0.048673190176487,0.043316479772329,-0.072020590305328,-0.0032107306178659,-0.056059259921312,-0.053314689546824,0.094572313129902,0.056004498153925,-0.040827512741089,-0.0095841763541102,0.071325391530991,0.1239271312952,-0.10877825319767,-0.14775241911411,0.029597802087665,-0.014395662583411,0.045453775674105,-0.165667578578,0.031437616795301,-0.14819833636284,0.10925553739071,0.07636870443821,0.0097048943862319,-0.055924158543348,0.026325948536396,0.19105722010136,-0.024933509528637,0.011241915635765,-0.0037599396891892,0.07339283823967,-0.095955036580563,-0.088353179395199,0.069933444261551,0.011226573958993,0.060539081692696,0.072939343750477,0.087396129965782,0.11446984112263,0.049579478800297,-0.02068305015564,0.082762479782104,-0.032054241746664,0.013691999018192,-0.023217789828777,0.066376522183418,0.045973047614098,-0.064023323357105,0.097236439585686,0.017602104693651
0.072856023907661,-0.0044091660529375,0.12694345414639,-0.033356163650751,0.029037535190582,0.19400380551815,0.052072674036026,0.16271504759789,-0.020828748121858,-0.11825935542583,-0.0080412812530994,0.028109865263104,0.023951757699251,-0.26178374886513,-0.0058880727738142,0.039569836109877,-0.1738096922636,0.02765210904181,-0.24175348877907,0.031859386712313,0.18120557069778,0.074175551533699,0.08294503390789,0.07347683608532,-0.11825777590275,-0.16359750926495,-0.13847769796848,-0.1692202091217,0.0027359472587705,-0.052276127040386,0.03507325053215,-0.077044934034348,-0.10850661993027,0.13440705835819,0.0075776148587465,-0.059263493865728,-0.087844841182232,-0.023298216983676,-0.10067523270845,0.12087251991034,0.0063886293210089,-0.027045663446188,-0.087726935744286,0.05291623622179,-0.0069042397662997,-0.11868839710951,0.035965878516436,-0.020019641146064,-0.13593013584614,0.23493012785912,0.038178022950888,-0.12932458519936,-0.14001652598381,0.025557044893503,-0.063798755407333,-0.031642563641071,0.034759152680635,0.043487057089806,-0.048743769526482,0.015801478177309,-0.015622342005372,0.085866279900074,0.037503723055124,-0.065390385687351,0.043936561793089,-0.2255125939846,-0.00068643159465864,-0.077887333929539,-0.11058875918388,0.089301645755768,-0.0041677667759359,0.063418790698051,0.006153732072562,0.091288320720196,-0.094581350684166,-0.05058529227972,-0.024571780115366,-0.012586816214025,0.015517157502472,0.10882870852947,0.043417267501354,-0.086557030677795,-0.013709685765207,0.023873878642917,-0.072930440306664,0.080505974590778,0.065341986715794,-0.054386857897043,-0.078767582774162,0.054961044341326,0.1059303432703,-0.10925881564617,-0.15559886395931,0.0070065450854599,-0.021978503093123,0.094475634396076,-0.060888364911079,0.018605029210448,-0.14564381539822,0.15565158426762,0.028307378292084,-0.011925519444048,-0.12826617062092,0.052725408226252,0.073576502501965,-0.026480492204428,-0.039995759725571,0.063509434461594,-0.012312593869865,-0.02540772035718,-0.029347324743867,0.063303366303444,-0.020182831212878,-0.013739386573434,0.033805433660746,0.1268595457077,0.053241319954395,0.071877241134644,-0.01373013202101,0.14797419309616,-0.01681567914784,0.031556405127048,-0.0058260220102966,0.055187031626701,0.03056681714952,-0.044803980737925,0.021522125229239,-0.027670219540596
0.1200060993433,-0.058135569095612,0.027141274884343,-0.019185518845916,0.12880910933018,0.083978876471519,0.077489584684372,0.057593576610088,-0.038419961929321,-0.084110051393509,0.075833454728127,0.041689779609442,0.1221664249897,-0.014070092700422,-0.034046791493893,-0.05133319273591,0.00096941168885678,0.26707953214645,-0.17951330542564,0.057321630418301,0.23497344553471,0.054375808686018,0.095327839255333,0.23184752464294,-0.033788193017244,-0.22707930207253,-0.064421609044075,-0.076609387993813,0.038049433380365,0.13031625747681,-0.063002057373524,-0.069311313331127,-0.021927174180746,0.11308828741312,0.031155226752162,-0.10718980431557,-0.083093412220478,-0.044807441532612,-0.079411014914513,-0.010938737541437,-0.015921188518405,0.067089974880219,-0.015320713631809,0.13670870661736,-0.18056605756283,-0.211959451437,-0.010644662193954,0.05150393024087,0.0083895772695541,0.14641760289669,0.062459517270327,-0.14969648420811,-0.062501057982445,0.02700868435204,-0.062206398695707,0.012543749064207,0.064134791493416,0.10229109972715,0.017173098400235,-0.048836033791304,-0.0065502934157848,0.066299818456173,0.053084213286638,0.029205404222012,-0.099712118506432,-0.11309134215117,-0.028178509324789,-0.076977267861366,-0.098446659743786,0.014484392479062,0.0025450927205384,-0.0063946289010346,0.04912544041872,-0.081474997103214,-0.12467052042484,-0.034316897392273,-0.014290016144514,-0.076662048697472,0.029728965833783,0.018941501155496,0.04930393025279,0.034827128052711,0.0028581144288182,-0.024286167696118,0.015370332635939,0.10414166003466,0.024903168901801,-0.067121885716915,-0.033114865422249,0.066594317555428,0.11719051003456,-0.12983201444149,-0.1012594923377,-0.072616651654243,-0.046000972390175,-0.067491687834263,-0.23544146120548,0.11306311190128,-0.071358934044838,0.033213455229998,0.1477012783289,0.044992078095675,0.10069096088409,0.083135284483433,0.034346099942923,-0.035420276224613,-0.03687809407711,0.025682359933853,0.02970103546977,-0.040856644511223,0.053268115967512,0.029451051726937,-0.021912902593613,0.06903300434351,-0.086905471980572,0.12273477017879,0.060726460069418,0.038999866694212,-0.061576403677464,0.097358457744122,-0.026049738749862,-0.044443298131227,-0.1475558578968,0.017590682953596,-0.12292800098658,-0.0023157922551036,-0.070541679859161,0.0085242027416825
0.069727256894112,-0.080955326557159,0.024333175271749,-0.035768777132034,0.074484661221504,-0.019763523712754,0.045760829001665,0.08265458792448,-0.23496034741402,0.087091960012913,-0.056217528879642,0.0033619767054915,0.19580613076687,0.11998141556978,0.028920829296112,-0.031486764550209,0.077206738293171,0.13924406468868,-0.015558128245175,0.10744094103575,0.12025249004364,-0.066100805997849,0.11844989657402,0.055699553340673,-0.037461895495653,-0.12694975733757,-0.073251776397228,-0.0053641935810447,-0.041781786829233,0.13567969202995,-0.15381194651127,-0.045718349516392,0.0034460872411728,0.026826629415154,0.023464633151889,-0.092705324292183,-0.10856644809246,0.02439552359283,-0.10954922437668,-0.12259224802256,-0.15186268091202,0.020564373582602,0.056713465601206,0.078614592552185,-0.13000032305717,-0.014318449422717,-0.0058662854135036,0.068832397460938,-0.023776434361935,0.1147423684597,0.18583634495735,-0.11869670450687,-0.04433960095048,0.0090086553245783,0.037970378994942,-0.046997178345919,0.048042055219412,0.0061556748114526,0.13646049797535,-0.053622346371412,0.099241010844707,0.047516159713268,-0.10543026775122,0.068945325911045,0.030917178839445,-0.098740793764591,-0.12498586624861,0.02901016920805,-0.11648505926132,-0.069223336875439,0.03529779613018,0.016596384346485,0.032258372753859,-0.14884278178215,-0.16399937868118,0.092536933720112,0.061752587556839,-0.075988918542862,0.16540293395519,0.075497105717659,0.0235316734761,-0.21371722221375,-0.010852155275643,0.015974368900061,-0.014652184210718,-0.081446290016174,-0.017176942899823,-0.0088085997849703,0.11875216662884,0.069918483495712,-0.089078024029732,-0.0052078943699598,-0.0095092039555311,0.0069669117219746,-0.14254228770733,-0.014155144803226,-0.041173495352268,0.13872885704041,-0.066550739109516,-0.034688897430897,0.17608922719955,0.19311301410198,0.075914390385151,0.017122911289334,-0.016065636649728,-0.066010653972626,-0.095622979104519,0.039235342293978,0.10431352257729,-0.03880712389946,-0.0041720778681338,-0.002034165430814,-0.045014452189207,0.044578809291124,-0.076837852597237,0.11651875823736,0.075297072529793,0.096463412046432,-0.14617173373699,0.10059652477503,-0.12671022117138,-0.097981303930283,-0.083978228271008,-0.050418891012669,-0.021354343742132,0.0018571694381535,-0.017902301624417,-0.03290893509984
0.050178863108158,-0.031791254878044,0.092947989702225,-0.0015315026976168,0.06646940112114,0.061084501445293,0.047683350741863,0.13660578429699,0.11258863657713,-0.0044676680117846,0.12757322192192,0.045146603137255,0.1012015864253,-0.11472428590059,0.035658337175846,0.011333455331624,0.01407914608717,0.19552017748356,-0.24928832054138,0.019480204209685,0.16347771883011,0.081038430333138,0.099124446511269,0.19246956706047,-0.092249602079391,-0.22607497870922,-0.047964941710234,-0.097458235919476,-0.0062278266996145,0.028397154062986,0.01067791134119,-0.036636143922806,0.073948189616203,0.16801217198372,-0.036229003220797,-0.071096777915955,-0.012659758329391,-0.011716923676431,-0.12433153390884,0.11833527684212,0.022320801392198,0.0070464070886374,-0.11103419959545,0.0080920923501253,-0.093551561236382,-0.20748452842236,-0.082967847585678,0.0090283742174506,0.035371873527765,0.13440617918968,0.098426051437855,-0.12921346724033,-0.12629973888397,0.0037322272546589,-0.11990532279015,0.051567684859037,0.053820300847292,-0.050186458975077,-0.040513630956411,0.09199870377779,-0.067021369934082,-0.043541982769966,-0.082255437970161,-0.047671306878328,-0.021917989477515,-0.19412510097027,-0.017036829143763,-0.024722523987293,-0.094989143311977,0.057492192834616,-0.0031082152854651,-0.027454627677798,-0.01441050413996,-0.061067450791597,-0.074221447110176,-0.003543327562511,-0.0033151041716337,0.036614961922169,-0.051609676331282,0.0030548733193427,-0.030243160203099,-0.022910039871931,0.015135477297008,0.044536780565977,-0.0079961204901338,0.1537312567234,0.09103374928236,-0.08841809630394,-0.098044827580452,0.039413686841726,0.0031413580290973,-0.14167548716068,-0.088941112160683,-0.010607456788421,-0.032692700624466,0.015727307647467,-0.23863656818867,-0.037522338330746,-0.092310182750225,0.10498480498791,0.11544137448072,-0.040472604334354,-0.01618299074471,0.082668818533421,0.18152686953545,-0.09651654958725,-0.02165181748569,-0.047416489571333,0.014194096438587,-0.041869264096022,-0.11670073121786,0.024122165516019,0.029807519167662,0.024999661371112,-0.032887097448111,0.083174109458923,0.03321048989892,0.028689423575997,-0.054580271244049,0.15125799179077,0.018074033781886,0.034887745976448,-0.16562908887863,0.1233834028244,0.021947309374809,-0.026718309149146,-0.054602526128292,0.021529393270612
0.082191251218319,-0.13831794261932,0.11537929624319,0.029607467353344,0.042121887207031,0.11030432581902,0.063361056149006,0.13285912573338,-0.03076389990747,-0.0080522978678346,0.1267216950655,0.03817455843091,0.084594994783401,-0.062938384711742,0.034918691962957,-0.012604896910489,-0.05806876718998,0.19346915185452,-0.15437904000282,-0.0028047959785908,0.20940110087395,-0.020187387242913,0.085824109613895,0.19308833777905,-0.013340543024242,-0.19838713109493,-0.03114565461874,-0.10542142391205,-0.049835443496704,0.011666681617498,-0.024003122001886,-0.087283484637737,-0.02151826582849,0.1582702845335,-0.040432870388031,-0.038870830088854,-0.1534835845232,-0.11307153850794,-0.090092420578003,0.046629454940557,0.0087572121992707,-0.05136900395155,-0.094191744923592,0.054659090936184,-0.084008015692234,-0.21437981724739,-0.085972882807255,0.003169815056026,-0.025991154834628,0.10138873755932,0.11330924928188,-0.14357218146324,-0.11787091940641,0.00054374459432438,-0.072214782238007,0.057932872325182,0.029674930498004,0.03617836907506,-0.013032360933721,0.099127188324928,0.015241071581841,0.015794681385159,-0.034384865313768,0.0092051737010479,0.007940967567265,-0.10712791979313,-0.073924086987972,-0.026190765202045,-0.095174990594387,0.11851985752583,-0.025691702961922,0.034613143652678,-0.018516464158893,-0.090213820338249,-0.11025192588568,-0.0291683729738,0.052627049386501,-0.0018766128923744,-0.014585967175663,0.047637306153774,-0.054416831582785,-0.12535509467125,0.028941603377461,-0.031099382787943,-0.11929576098919,0.12257921695709,0.11045619100332,-0.08826195448637,-0.085237011313438,0.047826938331127,0.056132093071938,-0.11030668020248,-0.077896922826767,0.0019484442891553,-0.085795097053051,0.04536721482873,-0.21819347143173,-0.023718759417534,-0.038922756910324,0.10782803595066,0.13779303431511,0.013800924643874,-0.022912979125977,0.013439379632473,0.22410517930984,-0.03814959898591,-0.022494986653328,-0.0029047359712422,-0.016224268823862,-0.099560953676701,-0.11476706713438,0.032414175570011,0.046116717159748,-0.022313104942441,0.047336377203465,0.1232488527894,0.098211519420147,0.089602164924145,-0.008812646381557,0.16842615604401,-0.0012075691483915,-0.088849045336246,-0.16203773021698,0.063690923154354,0.0044920155778527,0.040037427097559,-0.00094280607299879,0.054234843701124
0.13963600993156,-0.14663189649582,0.036507833749056,-0.071775130927563,0.037123680114746,0.047958258539438,0.049339331686497,0.18012151122093,-0.044387008994818,0.043327301740646,0.080862142145634,0.00063167768530548,0.18281555175781,-0.02478932030499,0.011142762377858,0.060925122350454,-0.013988213613629,0.15484091639519,-0.22458615899086,0.083869270980358,0.20009395480156,0.0098119433969259,0.063359282910824,-0.014116979204118,-0.17655305564404,-0.075881101191044,-0.11480578780174,-0.10009334981441,-0.10283792763948,0.020952889695764,-0.13114309310913,0.077013596892357,-0.011172880418599,0.17008318006992,-0.01185364741832,-0.031765967607498,-0.030342375859618,0.060818154364824,-0.031391117721796,-0.034160699695349,-0.10640897601843,-0.018629072234035,-0.067457675933838,-0.018784152343869,-0.016892958432436,-0.14284560084343,-0.083730064332485,0.046400912106037,-0.069851949810982,0.14560490846634,0.062088180333376,-0.16563677787781,-0.16312496364117,0.12239693850279,-0.037366185337305,-0.047417066991329,0.043512865900993,-0.099539898335934,-0.041761714965105,0.02303408831358,0.084306009113789,-0.02343937754631,-0.049594327807426,0.019858863204718,-0.021601563319564,-0.11936616897583,-0.081605963408947,0.13565355539322,0.015313060954213,-0.029572395607829,0.018266402184963,-0.051503509283066,0.0058797104284167,-0.092581562697887,-0.18754157423973,-0.015513664111495,0.045432630926371,-0.055549401789904,0.020008835941553,-0.021006796509027,0.047305874526501,-0.10065193474293,-0.073183834552765,-0.047633480280638,-0.10166850686073,0.12858040630817,0.071735091507435,-0.038725320249796,0.089405238628387,0.09967852383852,0.057119064033031,-0.12550592422485,-0.12188560515642,0.046342868357897,-0.11142667382956,0.10529552400112,-0.15425069630146,-0.019448881968856,-0.099662587046623,0.096869595348835,0.16354516148567,0.0040707932785153,-0.058970898389816,0.024100070819259,0.1728777140379,-0.070858992636204,-0.09712016582489,0.0020612680818886,-0.0059010023251176,-0.054823309183121,-0.13837733864784,0.027336658909917,-0.036563206464052,0.0081501444801688,0.070489339530468,0.083972074091434,0.068357683718204,0.0095976339653134,-0.070126123726368,0.026275094598532,-0.024274790659547,-0.00041448420961387,0.072543412446976,0.13760417699814,0.081315085291862,-0.10767317563295,0.030144009739161,-0.026732569560409
0.10234119743109,-0.024888852611184,0.051107995212078,-0.016281921416521,0.043162412941456,0.10394965112209,0.028328325599432,0.17568446695805,-0.054276783019304,-0.037633575499058,0.06680042296648,-0.0032240257132798,0.078608766198158,-0.13406720757484,0.019073784351349,0.071833826601505,-0.032282270491123,0.11700309067965,-0.15324306488037,0.04493298009038,0.17048287391663,0.034741893410683,0.12859033048153,0.061326421797276,-0.085313282907009,-0.24346689879894,-0.043659165501595,-0.078888334333897,-0.023224156349897,0.01543777436018,-0.044986475259066,-0.095503613352776,0.010990127921104,0.13669282197952,-0.027779590338469,-0.071947254240513,-0.039361719042063,-0.10761194676161,-0.067310333251953,0.081785291433334,-0.075136579573154,-0.039653118699789,0.0012392792850733,0.015594030730426,-0.043399009853601,-0.14163710176945,-0.010748763568699,-0.012255671434104,-0.079604141414165,0.24146811664104,0.08560486882925,-0.15442298352718,-0.14908131957054,0.050723560154438,-0.13248439133167,-0.0034312440548092,0.070338867604733,-0.058176632970572,-0.022622896358371,0.11032667011023,0.011528381146491,0.043954655528069,-0.045548032969236,-0.089421533048153,0.013176051899791,-0.17977592349052,-0.087350614368916,-0.076149545609951,-0.12749509513378,0.024852829053998,-0.030191669240594,0.0094657754525542,-0.033625014126301,-0.026961898431182,-0.10593349486589,-0.0074581261724234,0.095368973910809,-0.0011417644564062,-0.0135049931705,0.042105682194233,0.011297470889986,-0.16883438825607,-0.022615721449256,0.059088632464409,-0.065852247178555,0.19849622249603,-0.0237056016922,-0.12522867321968,-0.044788215309381,0.074225015938282,0.042364556342363,-0.11940636485815,-0.16807585954666,0.026601288467646,0.010753045789897,0.080404445528984,-0.16883257031441,0.064929127693176,-0.14776185154915,0.13257014751434,0.066708110272884,-0.012880115769804,-0.049621365964413,0.048054315149784,0.16991187632084,-0.022139338776469,0.0083497110754251,0.04701429605484,-0.023457484319806,-0.048612281680107,-0.1363333016634,-0.025785755366087,0.085802987217903,0.017380554229021,-0.022212486714125,0.092739246785641,0.14396050572395,0.13299492001534,-0.019860792905092,0.16095279157162,-0.043150644749403,-0.038565028458834,-0.056318949908018,0.085137285292149,0.036567576229572,-0.06283999979496,0.0092858467251062,0.0051108519546688
0.13306118547916,-0.13916008174419,0.070063062012196,0.051927752792835,0.1459733247757,0.22356413304806,0.079346805810928,0.048621453344822,-0.070223219692707,-0.016388330608606,0.0030526933260262,0.044611021876335,-0.02067325823009,-0.11221573501825,0.16349889338017,-0.033076014369726,-0.075548402965069,0.14801059663296,-0.0069873523898423,-0.053411420434713,0.12249398231506,0.12603241205215,0.01627647317946,0.060686022043228,0.042260427027941,-0.11390717327595,-0.10502388328314,-0.17152008414268,-0.10663241147995,0.025288285687566,0.033244494348764,0.01105849724263,-0.14777261018753,0.12610720098019,0.14296302199364,0.043377030640841,-0.019329922273755,-0.25922214984894,-0.0047298795543611,-0.083969227969646,0.110202729702,-0.018990691751242,0.0072553940117359,0.085647597908974,-0.14450852572918,-0.08830101788044,0.010208586230874,0.059962913393974,0.0040611261501908,0.099038496613503,0.12172801047564,-0.14675912261009,-0.057193499058485,0.0061102691106498,0.071462035179138,-0.0028558350168169,-0.014149073511362,-0.0017797135515139,0.00030275253811851,0.043962601572275,0.02622271515429,0.015606741420925,-0.02220868691802,-0.091845043003559,0.077615298330784,-0.12082825601101,-0.021428501233459,-0.01540569216013,0.0071272328495979,0.17339982092381,-0.0072590005584061,0.16733072698116,0.0099683320149779,-0.081031389534473,-0.21737577021122,-0.05206086486578,-0.022103354334831,0.029401373118162,0.0089392317458987,0.020978413522243,0.099866449832916,0.04608890414238,0.0041685695759952,-0.034151926636696,-0.0047484925016761,-0.027254369109869,0.087657861411572,-0.0057896412909031,-0.071024388074875,0.13211692869663,0.14405708014965,0.018248597159982,-0.16727051138878,-0.048140399158001,-0.13538916409016,0.049789380282164,-0.055064622312784,-0.0037907063961029,-0.056979101151228,0.059656281024218,0.10989361256361,0.044414922595024,0.036430202424526,-0.14234526455402,0.063881225883961,-0.045158516615629,-0.045559287071228,-0.052377089858055,-0.073469862341881,0.15832348167896,-0.0030528393108398,-0.030684284865856,-0.0091257393360138,-0.10909280180931,0.081042997539043,0.015948889777064,0.13063545525074,-0.0444355905056,-0.085464276373386,0.047132164239883,0.12909631431103,-0.019710697233677,0.078268252313137,0.069415219128132,0.021431693807244,-0.058149427175522,0.12925814092159,0.041737716645002
0.12013874948025,-0.02569879591465,-0.0055950945243239,0.12005712836981,0.15166659653187,0.026196589693427,0.10600548237562,0.063414044678211,0.0013131106970832,0.017397485673428,0.16227871179581,0.12051713466644,0.072395093739033,-0.023576978594065,-0.013119130395353,0.032857019454241,0.13634569942951,0.18936498463154,-0.17806409299374,0.096297264099121,0.16158859431744,-0.074144333600998,0.0823093354702,0.15795440971851,0.06861686706543,-0.1905218064785,-0.037883915007114,-0.03536281734705,0.013949067331851,0.077464036643505,-0.046608164906502,0.090584278106689,0.052591763436794,0.15340416133404,-0.14379218220711,-0.072171345353127,-0.10868979245424,-0.01590214855969,-0.11348110437393,-0.008717305958271,0.069478571414948,0.024814626201987,-0.0018144494388252,0.04361404851079,-0.15659542381763,-0.14764794707298,-0.036260064691305,-0.054271996021271,0.010642669163644,0.047982029616833,0.16473753750324,-0.015995364636183,-0.19211238622665,-0.044915750622749,-0.016693238168955,0.031335599720478,-0.031112382188439,0.02029762417078,0.025727618485689,0.10476284474134,-0.066435560584068,-0.10864026099443,-0.037872232496738,-0.061065796762705,0.018593015149236,-0.089462168514729,-0.11282738298178,0.011593018658459,-0.13481703400612,0.13384456932545,0.039265245199203,0.073951445519924,-0.0045026917941868,-0.049020789563656,-0.0795783624053,0.02448839135468,0.090711712837219,0.067414216697216,-0.11752374470234,-0.033074051141739,-0.14017014205456,-0.018575640395284,0.061291959136724,-0.0099707273766398,-0.023593394085765,0.092752948403358,0.086801394820213,-0.056360363960266,-0.053757049143314,0.0072531187906861,-0.035118207335472,-0.1289124339819,-0.16118505597115,-0.028289100155234,0.016842586919665,-0.042494066059589,-0.13605731725693,-0.035681501030922,-0.04555644094944,0.0010027390671894,0.024359034374356,0.012039979919791,0.091210268437862,0.1497005969286,0.041522216051817,-0.014358032494783,-0.046995587646961,0.082927495241165,0.092707686126232,-0.15445272624493,-0.10407276451588,0.069213300943375,-0.019992712885141,0.066613979637623,0.071650728583336,-0.031765673309565,0.033984906971455,-0.026372894644737,0.042438626289368,0.21841576695442,-0.0090892845764756,0.079496875405312,-0.15473315119743,0.13701644539833,0.054061464965343,0.0036897321697325,0.054106652736664,0.016703816130757
0.07198790460825,0.012464419938624,0.096325740218163,0.074403658509254,0.078327104449272,0.038556613028049,0.11591767519712,0.12362152338028,0.056918188929558,0.043695397675037,0.16818542778492,0.0492800809443,0.077536158263683,-0.041607525199652,0.042602851986885,-0.018199929967523,0.084604673087597,0.21886624395847,-0.21964651346207,0.033398699015379,0.16574230790138,-0.068586565554142,0.043494146317244,0.18373024463654,0.039779830724001,-0.24485258758068,-0.07916934043169,-0.016882322728634,-0.0042645647190511,0.037460323423147,-0.0094651123508811,-0.010972384363413,0.050432067364454,0.18770034611225,-0.085436426103115,-0.07649189978838,-0.063214778900146,-0.0019390940433368,-0.12103398889303,0.01168629154563,0.045572604984045,0.0065729636698961,-0.010222120210528,0.011683663353324,-0.093918174505234,-0.22736884653568,-0.073243856430054,-0.037448041141033,-0.0090256026014686,0.076163128018379,0.1260327398777,-0.090684659779072,-0.19631564617157,-0.018391529098153,-0.044823586940765,0.079355463385582,-0.063652649521828,0.0091929947957397,0.0010864709038287,0.0587093308568,-0.057284638285637,-0.086486384272575,-0.068271867930889,-0.085719093680382,0.013867702335119,-0.042320281267166,-0.076318457722664,-0.02802224829793,-0.17250411212444,0.11563564091921,0.03857845813036,0.039676766842604,-0.0016217969823629,-0.042427558451891,-0.082069277763367,-0.017465960234404,0.082662723958492,0.047408986836672,-0.052737839519978,-0.077608622610569,-0.15677300095558,-0.033049192279577,0.045523416250944,-0.013443432748318,-0.034639060497284,0.10372950136662,0.077889874577522,-0.07382071018219,0.0050309444777668,0.048751603811979,-0.012674299068749,-0.18503266572952,-0.078719295561314,-0.064226433634758,0.01057961024344,-0.018412115052342,-0.19032052159309,-0.054278254508972,-0.074365116655827,0.078408241271973,0.036511726677418,0.0030365642160177,0.041322827339172,0.095806203782558,0.11290660500526,-0.0050837676972151,-0.029023930430412,-0.0071620927192271,0.052869219332933,-0.14086262881756,-0.12397320568562,0.049006853252649,-0.0060078077949584,0.064767964184284,0.07175450772047,-0.012392900884151,0.071852624416351,0.0050396849401295,0.032958667725325,0.16944301128387,0.0077667739242315,0.049000907689333,-0.16561511158943,0.16787528991699,0.077184110879898,-0.020588772371411,0.047927737236023,-0.0010830861283466
0.081390835344791,0.080159619450569,0.13616223633289,0.06080549955368,0.083044163882732,0.050397254526615,0.11784921586514,0.08993262052536,-0.13549238443375,0.12772473692894,0.091007456183434,-0.070950031280518,0.10457453876734,0.09175830334425,0.18796330690384,-0.036007467657328,0.18469454348087,0.23891372978687,-0.094800591468811,0.00088081735884771,0.11266689002514,-0.05305739864707,0.056771665811539,0.085120521485806,0.075234822928905,-0.18217478692532,-0.18027067184448,0.0055278530344367,0.06833703070879,0.033484268933535,0.0025825770571828,0.084354750812054,-0.0086605930700898,0.11034322530031,0.02140411734581,-0.023710463196039,-0.032158941030502,0.0676613971591,-0.080337919294834,-0.097450785338879,0.0048477379605174,0.062959134578705,0.020755000412464,0.028977049514651,-0.15259306132793,-0.060763813555241,0.00038346950896084,0.0044425036758184,-0.093991003930569,-0.029715465381742,0.14887310564518,0.0084009682759643,-0.17086933553219,-0.034103140234947,-0.0056112678721547,0.036905899643898,-0.029330164194107,0.014111498370767,0.11835708469152,-0.041693307459354,-0.062809027731419,-0.048747897148132,-0.11742394417524,-0.10788828879595,0.0792241320014,0.049921959638596,-0.045296296477318,0.0022758159320801,-0.16090779006481,0.15381796658039,0.078930139541626,0.078636512160301,0.035206865519285,-0.047120440751314,-0.12168429046869,-0.055080100893974,0.016504669561982,0.040345326066017,0.040671158581972,-0.12051826715469,-0.11071296781301,-0.0019385600462556,-0.018256407231092,-0.088434785604477,0.033929128199816,-0.045417997986078,0.017777942121029,-0.057393129914999,0.050692915916443,0.086601637303829,0.010508617386222,-0.062622405588627,-0.055030401796103,-0.13244500756264,0.0078282598406076,-0.063593290746212,-0.039350353181362,0.079435974359512,-0.092699512839317,0.01664531044662,0.009911454282701,0.1378631144762,0.12210253626108,0.06445849686861,-0.0318015627563,0.02256441488862,-0.034691505134106,-0.011009030044079,0.23348581790924,-0.11825453490019,-0.074813418090343,0.055044170469046,-0.099519535899162,0.028624149039388,0.12207724899054,-0.07608138024807,0.077781729400158,-0.13427053391933,0.012407892383635,0.08928556740284,0.020935736596584,0.0069937920197845,-0.072434671223164,0.15981099009514,0.09089644998312,-0.064255550503731,0.13676515221596,-0.022154539823532
0.10883774608374,-0.016506370157003,0.018227016553283,0.11789361387491,0.10431360453367,0.031320504844189,0.1319797039032,0.048788741230965,-0.0049500083550811,0.021199814975262,0.16067010164261,0.068771593272686,0.097746074199677,0.048366840928793,0.0060522337444127,-0.0079480176791549,0.14638741314411,0.20859976112843,-0.18625019490719,0.045017268508673,0.16404962539673,-0.1346622556448,0.042542725801468,0.18570731580257,0.085857920348644,-0.22569938004017,-0.10055047273636,-0.016881955787539,-0.011243776418269,0.077670522034168,-0.011682078242302,0.085679717361927,0.0026291171088815,0.14505618810654,-0.13861726224422,-0.050343099981546,-0.13219986855984,-0.019417677074671,-0.094975158572197,-0.0036616888828576,0.050334360450506,0.036787342280149,-0.0043799905106425,0.014385935850441,-0.098268277943134,-0.17057250440121,-0.064441822469234,-0.046235766261816,0.0022792236413807,0.0054026152938604,0.13726180791855,-0.048175867646933,-0.1656830906868,-0.049388289451599,-0.044280517846346,0.068692483007908,-0.052608665078878,0.086719624698162,0.06233786419034,0.081667684018612,-0.046397842466831,-0.034739568829536,-0.057601843029261,-0.080705896019936,-0.0046990159898996,-0.0045392415486276,-0.08009347319603,0.0084399739280343,-0.1647531837225,0.11371818929911,0.056937735527754,0.073134355247021,0.0068635535426438,-0.055526558309793,-0.082316420972347,0.015256525017321,0.088315293192863,0.014859504066408,-0.092891998589039,-0.050333093851805,-0.16828639805317,-0.036809682846069,0.037066362798214,-0.057794686406851,-0.076536878943443,0.11622299998999,0.082063056528568,-0.11190473288298,-0.056477345526218,-0.013566007837653,-0.028484055772424,-0.15352176129818,-0.064174845814705,-0.074348852038383,0.015681482851505,-0.027035057544708,-0.15054023265839,-0.046619962900877,-0.042804844677448,0.04879567027092,0.021604344248772,0.02323243021965,0.081445224583149,0.16564053297043,0.048200242221355,0.012630460783839,-0.063716702163219,0.064482621848583,0.058084763586521,-0.16732876002789,-0.11149478703737,0.04956740885973,-0.027665453031659,0.052553288638592,0.066023401916027,-0.003342394484207,0.034941613674164,0.0043826084583998,0.054078571498394,0.1894448697567,-0.024650279432535,0.024673761799932,-0.18826225399971,0.14163757860661,0.03425333276391,0.0088666975498199,-0.0063825114630163,0.0058614071458578
0.083230994641781,0.044194284826517,0.063054010272026,0.14428515732288,0.064753040671349,-0.010483017191291,0.12292689830065,0.12448175251484,0.015578120015562,0.055293709039688,0.13934087753296,0.050454515963793,0.093779310584068,-0.093043394386768,0.074059203267097,-0.068460673093796,0.1111815944314,0.11205167323351,-0.17520144581795,0.15870261192322,0.057653568685055,-0.096138119697571,0.024660097435117,0.17821019887924,0.032196551561356,-0.21344497799873,-0.11926241964102,-0.031257998198271,0.0061779115349054,0.027650084346533,-0.016430782154202,0.065217085182667,0.045290198177099,0.16626021265984,-0.13301461935043,-0.058906376361847,-0.02203706279397,0.03568471595645,-0.18244825303555,-0.018764793872833,0.10688266158104,-0.045850809663534,-0.017263233661652,0.034528277814388,-0.15168003737926,-0.13301998376846,-0.0085125211626291,-0.010602413676679,0.016496865078807,0.1032832339406,0.13336774706841,-0.01942316442728,-0.1946976929903,-0.036704566329718,0.034176032990217,0.0059878630563617,-0.11569091677666,-0.067719168961048,0.085181809961796,0.034093018621206,-0.094662167131901,-0.11093350499868,-0.12066163867712,-0.082433521747589,-0.0182213075459,-0.063333436846733,0.0054434747435153,-0.091677732765675,-0.14287355542183,0.029234142974019,0.013166259042919,0.054064452648163,0.026047773659229,0.072492927312851,-0.028134429827332,-0.03132389113307,0.070050098001957,0.11795959621668,-0.0080469818785787,0.018880397081375,-0.1371424049139,-0.069322042167187,0.011520663276315,-0.023981207981706,0.08732794970274,0.082186214625835,0.060998521745205,-0.041691478341818,0.027264978736639,0.024484906345606,-0.025716641917825,-0.10898803919554,-0.071903720498085,-0.091127403080463,-0.063666053116322,-0.095838740468025,-0.070210002362728,-0.082061216235161,-0.044865027070045,-0.04122107848525,-0.028307208791375,0.050182733684778,0.11492612957954,0.11099787056446,-0.014728288166225,-0.0014120681444183,-0.023528518155217,0.11143469810486,0.1290237903595,-0.072385109961033,-0.092909418046474,0.086339339613914,-0.07794177532196,0.02158173546195,0.0078233322128654,-0.089321479201317,0.085435561835766,-0.090001329779625,0.02514355070889,0.16361004114151,-0.016063287854195,0.11233270168304,-0.14493250846863,0.22833423316479,0.070303000509739,-0.078706108033657,0.078353837132454,-0.0061018643900752
0.077631242573261,-0.10489415377378,0.078754432499409,0.072714373469353,0.12254859507084,0.0031617162749171,0.12737010419369,0.11671974509954,-0.029577417299151,0.059158325195312,0.13847380876541,0.073811866343021,0.12150531262159,0.037288948893547,0.04925886541605,0.0045474991202354,0.079929322004318,0.18015788495541,-0.20914350450039,0.082198150455952,0.13770891726017,-0.11758678406477,0.073823317885399,0.17115806043148,0.047204744070768,-0.15414829552174,-0.074121780693531,-0.012768438085914,0.011515237390995,-0.0031189201399684,-0.023175477981567,0.08760816603899,-0.0041745370253921,0.1445450335741,-0.16687479615211,-0.0504788197577,-0.1695609241724,0.010837255977094,-0.12812761962414,0.0024269989226013,0.1026777997613,0.0013194428756833,-0.046689100563526,0.045232184231281,-0.14706183969975,-0.19309487938881,-0.099527142941952,-0.0085861645638943,0.038608096539974,0.0057025398127735,0.12732939422131,-0.075430169701576,-0.19648760557175,-0.050112333148718,-0.027051782235503,0.033675480633974,-0.044585555791855,0.065042793750763,0.072120547294617,0.090544439852238,-0.057452343404293,-0.063180953264236,-0.088411636650562,0.033067878335714,-0.015700362622738,6.5289830672555e-05,-0.099305659532547,0.030524998903275,-0.10579612851143,0.096765041351318,0.029536141082644,0.091356679797173,0.042446587234735,-0.024158986285329,-0.057801097631454,-0.012992135249078,0.065058074891567,0.033909019082785,-0.052927996963263,-0.030636390671134,-0.11092675477266,-0.083079695701599,0.071532174944878,-0.045395661145449,-0.06072686240077,0.070370018482208,0.14894497394562,-0.0089075267314911,-0.036407809704542,-0.021605482324958,-0.0090867727994919,-0.084081083536148,-0.083604425191879,-0.062845267355442,-0.05068664252758,-0.02039466612041,-0.15664561092854,-0.041869644075632,-0.026181112974882,0.01464593783021,0.037041343748569,0.0029542434494942,0.09340400993824,0.12799721956253,0.087026454508305,-0.01569102704525,-0.085981570184231,0.073015943169594,0.14109256863594,-0.19054493308067,-0.11315605789423,0.11744483560324,-0.040452051907778,0.053961172699928,0.072376377880573,-0.0025404717307538,0.053317796438932,0.013363098725677,0.01698868535459,0.19350361824036,-0.011130728758872,0.022306388244033,-0.18888974189758,0.13006454706192,-0.014466340653598,0.0096293138340116,-0.020901622250676,0.045928444713354
0.066949091851711,-0.00062675698427483,0.10712966322899,0.060522843152285,0.11637142300606,0.052147842943668,0.12981556355953,0.13537499308586,0.02463772892952,0.04712663218379,0.13565799593925,0.03669373691082,0.088223859667778,-0.064436100423336,0.07394951581955,0.014214434660971,0.049742344766855,0.1897005289793,-0.22084265947342,0.033685430884361,0.1871637403965,-0.063512876629829,0.055376909673214,0.20296292006969,0.073643371462822,-0.23425935208797,-0.072900213301182,-0.033710278570652,0.066394872963428,0.034715671092272,0.018114864826202,0.0086867269128561,0.018745413050056,0.17495904862881,-0.085717014968395,-0.084248200058937,-0.099572621285915,-0.028440587222576,-0.12209160625935,-0.011322657577693,0.092531822621822,-0.032768603414297,0.0063580293208361,0.073981374502182,-0.11778151243925,-0.20112562179565,-0.058920904994011,-0.0035245302133262,-0.011366277001798,0.035271055996418,0.12167726457119,-0.081732429563999,-0.18223825097084,-0.065113514661789,-0.029187712818384,0.071273513138294,-0.062886789441109,0.041960436850786,0.023918965831399,0.04523728787899,-0.079881243407726,-0.089683882892132,-0.063038483262062,-0.028184048831463,0.0061464011669159,-0.029792666435242,-0.10276199877262,-0.043175388127565,-0.16316409409046,0.1030678153038,0.0017292656702921,0.077097356319427,-0.015025152824819,-0.055839076638222,-0.058374885469675,-0.027236275374889,0.075204499065876,0.077496536076069,-0.037534032016993,-0.016673406586051,-0.10062366724014,-0.057415470480919,0.068054474890232,-0.00027115960256197,-0.019905602559447,0.07457871735096,0.097731754183769,-0.032360099256039,-0.023780982941389,0.051977142691612,0.01517725829035,-0.13008089363575,-0.14370504021645,-0.056523431092501,-0.028750631958246,-0.0087239220738411,-0.18282978236675,-0.013651203364134,-0.052993457764387,0.038362435996532,0.053528234362602,-0.0025878120213747,0.068069912493229,0.10337425023317,0.072990000247955,-0.012420343235135,-0.046037174761295,0.046903986483812,0.13033489882946,-0.16395264863968,-0.09638087451458,0.089046686887741,-0.050758749246597,0.048543211072683,0.088923335075378,0.0076414220966399,0.058652628213167,0.019932519644499,0.014957068488002,0.21571460366249,0.022221893072128,0.037981532514095,-0.17984528839588,0.15239901840687,0.0093362331390381,0.0024508840870112,0.032548170536757,0.010904744267464
0.10779524594545,0.060605145990849,0.065251596271992,0.13866798579693,0.071998596191406,0.069218561053276,0.085209980607033,0.019595231860876,-0.013924085535109,0.037026472389698,0.18390493094921,0.036701746284962,0.090513110160828,-0.021289588883519,0.058812316507101,0.054621767252684,0.11859138309956,0.18936504423618,-0.17328436672688,0.039772912859917,0.17215648293495,-0.074708342552185,0.059858717024326,0.18052208423615,0.10396102815866,-0.23656831681728,-0.096607521176338,-0.033777873963118,0.02163746394217,0.10544016957283,0.016807992011309,0.077917262911797,0.015063831582665,0.16935102641582,-0.089312702417374,-0.043563243001699,-0.079199068248272,-0.028703978285193,-0.044173654168844,0.014384293928742,0.0072446716949344,-0.018170231953263,0.023623540997505,-0.0074096908792853,-0.069205835461617,-0.17462106049061,-0.012984848581254,-0.039383202791214,-0.034047141671181,0.044872928410769,0.1902292072773,-0.030426179990172,-0.16896378993988,-0.041106883436441,-0.048752937465906,0.0596580542624,-0.045191403478384,0.024469638243318,0.049245737493038,0.080204859375954,-0.080966480076313,-0.07208114862442,-0.065230295062065,-0.14119830727577,0.033626984804869,-0.023073138669133,-0.06670243293047,-0.040629126131535,-0.21129530668259,0.11589732021093,0.02362572401762,0.083153180778027,-0.034853972494602,-0.043590441346169,-0.06833853572607,-0.031580403447151,0.11120246350765,0.031697455793619,-0.089235499501228,0.021967159584165,-0.097453206777573,-0.072308361530304,0.034987773746252,-0.035745397210121,-0.05646214261651,0.11054766178131,0.026126341894269,-0.14289291203022,-0.058871615678072,0.03577783331275,-0.040156539529562,-0.15703366696835,-0.10278940945864,-0.0097094317898154,-0.0077972086146474,-0.0029963997658342,-0.1595793068409,-0.012276924215257,-0.048867363482714,0.053316622972488,0.023575704544783,0.031975097954273,0.034739006310701,0.16146717965603,0.082631900906563,0.024069411680102,-0.011465005576611,0.053884413093328,0.094935685396194,-0.14027491211891,-0.1547484844923,0.050921950489283,-0.024987932294607,0.05763603001833,0.073276236653328,-0.010596050880849,0.049877043813467,0.039221186190844,0.02451504021883,0.20562860369682,-0.00088062987197191,0.023667059838772,-0.13838598132133,0.14581100642681,0.08208055794239,0.010343383066356,0.069188021123409,0.0045428741723299
